userId,username,password
1,user001,pass001
2,user002,pass002
3,user003,pass003
4,user004,pass004
5,user005,pass005
6,user006,pass006
7,user007,pass007
8,user008,pass008
9,user009,pass009
10,user010,pass010
11,user011,pass011
12,user012,pass012
13,user013,pass013
14,user014,pass014
15,user015,pass015
16,user016,pass016
17,user017,pass017
18,user018,pass018
19,user019,pass019
20,user020,pass020
21,user021,pass021
22,user022,pass022
23,user023,pass023
24,user024,pass024
25,user025,pass025
26,user026,pass026
27,user027,pass027
28,user028,pass028
29,user029,pass029
30,user030,pass030
31,user031,pass031
32,user032,pass032
33,user033,pass033
34,user034,pass034
35,user035,pass035
36,user036,pass036
37,user037,pass037
38,user038,pass038
39,user039,pass039
40,user040,pass040
41,user041,pass041
42,user042,pass042
43,user043,pass043
44,user044,pass044
45,user045,pass045
46,user046,pass046
47,user047,pass047
48,user048,pass048
49,user049,pass049
50,user050,pass050
51,user051,pass051
52,user052,pass052
53,user053,pass053
54,user054,pass054
55,user055,pass055
56,user056,pass056
57,user057,pass057
58,user058,pass058
59,user059,pass059
60,user060,pass060
61,user061,pass061
62,user062,pass062
63,user063,pass063
64,user064,pass064
65,user065,pass065
66,user066,pass066
67,user067,pass067
68,user068,pass068
69,user069,pass069
70,user070,pass070
71,user071,pass071
72,user072,pass072
73,user073,pass073
74,user074,pass074
75,user075,pass075
76,user076,pass076
77,user077,pass077
78,user078,pass078
79,user079,pass079
80,user080,pass080
81,user081,pass081
82,user082,pass082
83,user083,pass083
84,user084,pass084
85,user085,pass085
86,user086,pass086
87,user087,pass087
88,user088,pass088
89,user089,pass089
90,user090,pass090
91,user091,pass091
92,user092,pass092
93,user093,pass093
94,user094,pass094
95,user095,pass095
96,user096,pass096
97,user097,pass097
98,user098,pass098
99,user099,pass099
100,user100,pass100
